,TOP_RGB,BOTTOM_RGB,path
0,"(48, 43, 48)","(103, 113, 127)",casual_images/1_0.webp
1,"(214, 167, 73)","(102, 97, 96)",casual_images/1_1.webp
2,"(114, 128, 153)","(58, 66, 77)",casual_images/1_2.webp
3,"(55, 57, 63)","(131, 123, 116)",casual_images/1_3.webp
4,"(154, 149, 153)","(117, 122, 121)",casual_images/1_4.webp
5,"(104, 95, 49)","(41, 42, 47)",casual_images/1_5.webp
6,"(183, 186, 196)","(201, 201, 205)",casual_images/1_6.webp
7,"(128, 135, 164)","(87, 78, 77)",casual_images/1_7.webp
8,"(99, 76, 88)","(57, 71, 89)",casual_images/1_8.webp
9,"(65, 69, 72)","(117, 113, 115)",casual_images/1_9.webp
10,"(160, 153, 160)","(171, 166, 180)",casual_images/1_10.webp
11,"(30, 31, 35)","(163, 164, 169)",casual_images/1_11.webp
12,"(131, 136, 143)","(115, 105, 113)",casual_images/1_12.webp
13,"(135, 138, 145)","(115, 128, 149)",casual_images/1_13.webp
14,"(178, 173, 172)","(101, 116, 138)",casual_images/1_14.webp
15,"(121, 85, 67)","(79, 98, 132)",casual_images/1_15.webp
16,"(211, 212, 220)","(160, 157, 150)",casual_images/1_16.webp
17,"(70, 71, 91)","(194, 192, 218)",casual_images/1_17.webp
18,"(189, 181, 183)","(34, 34, 39)",casual_images/1_18.webp
19,"(68, 67, 67)","(136, 160, 191)",casual_images/1_19.webp
20,"(49, 53, 60)","(138, 137, 141)",casual_images/1_20.webp
21,"(89, 101, 123)","(179, 165, 169)",casual_images/1_21.webp
23,"(187, 187, 203)","(76, 77, 83)",casual_images/1_23.webp
24,"(76, 75, 81)","(167, 170, 177)",casual_images/1_24.webp
25,"(152, 145, 148)","(165, 149, 175)",casual_images/1_25.webp
26,"(80, 85, 92)","(101, 106, 114)",casual_images/1_26.webp
27,"(102, 99, 100)","(61, 63, 68)",casual_images/1_27.webp
28,"(54, 59, 73)","(72, 72, 87)",casual_images/1_28.webp
29,"(197, 34, 43)","(73, 69, 80)",casual_images/1_29.webp
30,"(161, 143, 166)","(102, 125, 155)",casual_images/1_30.webp
31,"(135, 143, 153)","(141, 124, 125)",casual_images/1_31.webp
32,"(196, 191, 195)","(92, 103, 112)",casual_images/1_32.webp
33,"(64, 117, 126)","(52, 51, 60)",casual_images/1_33.webp
34,"(89, 34, 41)","(112, 120, 136)",casual_images/1_34.webp
35,"(43, 50, 64)","(123, 116, 111)",casual_images/1_35.webp
36,"(115, 117, 124)","(136, 132, 136)",casual_images/1_36.webp
37,"(138, 148, 164)","(175, 183, 203)",casual_images/1_37.webp
38,"(58, 71, 90)","(60, 59, 49)",casual_images/1_38.webp
39,"(167, 164, 186)","(92, 102, 129)",casual_images/1_39.webp
40,"(80, 109, 154)","(87, 92, 112)",casual_images/1_40.webp
41,"(157, 132, 126)","(146, 141, 148)",casual_images/1_41.webp
42,"(170, 174, 190)","(52, 52, 65)",casual_images/1_42.webp
43,"(70, 65, 70)","(65, 63, 70)",casual_images/1_43.webp
44,"(48, 70, 97)","(85, 101, 122)",casual_images/1_44.webp
45,"(167, 162, 164)","(52, 59, 61)",casual_images/1_45.webp
46,"(42, 39, 38)","(73, 71, 58)",casual_images/1_46.webp
47,"(194, 170, 150)","(105, 111, 121)",casual_images/1_47.webp
48,"(130, 123, 118)","(37, 37, 38)",casual_images/1_48.webp
49,"(39, 59, 55)","(71, 75, 89)",casual_images/1_49.webp
50,"(39, 39, 35)","(145, 143, 141)",casual_images/1_50.webp
51,"(187, 192, 203)","(166, 167, 171)",casual_images/1_51.webp
52,"(32, 34, 39)","(43, 63, 92)",casual_images/1_52.webp
53,"(49, 56, 67)","(134, 147, 167)",casual_images/1_53.webp
54,"(52, 50, 56)","(67, 59, 60)",casual_images/1_54.webp
55,"(205, 192, 173)","(92, 107, 123)",casual_images/1_55.webp
56,"(35, 59, 86)","(93, 93, 85)",casual_images/1_56.webp
57,"(110, 107, 112)","(114, 118, 124)",casual_images/1_57.webp
58,"(152, 154, 160)","(130, 136, 146)",casual_images/1_58.webp
59,"(112, 78, 70)","(203, 186, 86)",casual_images/1_59.webp
60,"(48, 43, 48)","(103, 113, 127)",casual_images/2_0.webp
61,"(214, 167, 73)","(102, 97, 96)",casual_images/2_1.webp
62,"(114, 128, 153)","(58, 66, 77)",casual_images/2_2.webp
63,"(55, 57, 63)","(131, 123, 116)",casual_images/2_3.webp
64,"(154, 149, 153)","(117, 122, 121)",casual_images/2_4.webp
65,"(104, 95, 49)","(41, 42, 47)",casual_images/2_5.webp
66,"(183, 186, 196)","(201, 201, 205)",casual_images/2_6.webp
67,"(128, 135, 164)","(87, 78, 77)",casual_images/2_7.webp
68,"(99, 76, 88)","(57, 71, 89)",casual_images/2_8.webp
69,"(65, 69, 72)","(117, 113, 115)",casual_images/2_9.webp
70,"(160, 153, 160)","(171, 166, 180)",casual_images/2_10.webp
71,"(30, 31, 35)","(163, 164, 169)",casual_images/2_11.webp
72,"(131, 136, 143)","(115, 105, 113)",casual_images/2_12.webp
73,"(135, 138, 145)","(115, 128, 149)",casual_images/2_13.webp
74,"(178, 173, 172)","(101, 116, 138)",casual_images/2_14.webp
75,"(121, 85, 67)","(79, 98, 132)",casual_images/2_15.webp
76,"(211, 212, 220)","(160, 157, 150)",casual_images/2_16.webp
77,"(70, 71, 91)","(194, 192, 218)",casual_images/2_17.webp
78,"(189, 181, 183)","(34, 34, 39)",casual_images/2_18.webp
79,"(68, 67, 67)","(136, 160, 191)",casual_images/2_19.webp
80,"(49, 53, 60)","(138, 137, 141)",casual_images/2_20.webp
81,"(89, 101, 123)","(179, 165, 169)",casual_images/2_21.webp
83,"(187, 187, 203)","(76, 77, 83)",casual_images/2_23.webp
84,"(76, 75, 81)","(167, 170, 177)",casual_images/2_24.webp
85,"(152, 145, 148)","(165, 149, 175)",casual_images/2_25.webp
86,"(80, 85, 92)","(101, 106, 114)",casual_images/2_26.webp
87,"(102, 99, 100)","(61, 63, 68)",casual_images/2_27.webp
88,"(54, 59, 73)","(72, 72, 87)",casual_images/2_28.webp
89,"(197, 34, 43)","(73, 69, 80)",casual_images/2_29.webp
90,"(161, 143, 166)","(102, 125, 155)",casual_images/2_30.webp
91,"(135, 143, 153)","(141, 124, 125)",casual_images/2_31.webp
92,"(196, 191, 195)","(92, 103, 112)",casual_images/2_32.webp
93,"(64, 117, 126)","(52, 51, 60)",casual_images/2_33.webp
94,"(89, 34, 41)","(112, 120, 136)",casual_images/2_34.webp
95,"(43, 50, 64)","(123, 116, 111)",casual_images/2_35.webp
96,"(115, 117, 124)","(136, 132, 136)",casual_images/2_36.webp
97,"(138, 148, 164)","(175, 183, 203)",casual_images/2_37.webp
98,"(58, 71, 90)","(60, 59, 49)",casual_images/2_38.webp
99,"(167, 164, 186)","(92, 102, 129)",casual_images/2_39.webp
100,"(80, 109, 154)","(87, 92, 112)",casual_images/2_40.webp
101,"(157, 132, 126)","(146, 141, 148)",casual_images/2_41.webp
102,"(170, 174, 190)","(52, 52, 65)",casual_images/2_42.webp
103,"(70, 65, 70)","(65, 63, 70)",casual_images/2_43.webp
104,"(48, 70, 97)","(85, 101, 122)",casual_images/2_44.webp
105,"(167, 162, 164)","(52, 59, 61)",casual_images/2_45.webp
106,"(42, 39, 38)","(73, 71, 58)",casual_images/2_46.webp
107,"(194, 170, 150)","(105, 111, 121)",casual_images/2_47.webp
108,"(130, 123, 118)","(37, 37, 38)",casual_images/2_48.webp
109,"(39, 59, 55)","(71, 75, 89)",casual_images/2_49.webp
110,"(39, 39, 35)","(145, 143, 141)",casual_images/2_50.webp
111,"(187, 192, 203)","(166, 167, 171)",casual_images/2_51.webp
112,"(32, 34, 39)","(43, 63, 92)",casual_images/2_52.webp
113,"(49, 56, 67)","(134, 147, 167)",casual_images/2_53.webp
114,"(52, 50, 56)","(67, 59, 60)",casual_images/2_54.webp
115,"(205, 192, 173)","(92, 107, 123)",casual_images/2_55.webp
116,"(35, 59, 86)","(93, 93, 85)",casual_images/2_56.webp
117,"(110, 107, 112)","(114, 118, 124)",casual_images/2_57.webp
118,"(152, 154, 160)","(130, 136, 146)",casual_images/2_58.webp
119,"(112, 78, 70)","(203, 186, 86)",casual_images/2_59.webp
120,"(48, 43, 48)","(103, 113, 127)",casual_images/3_0.webp
121,"(214, 167, 73)","(102, 97, 96)",casual_images/3_1.webp
122,"(114, 128, 153)","(58, 66, 77)",casual_images/3_2.webp
123,"(55, 57, 63)","(131, 123, 116)",casual_images/3_3.webp
124,"(154, 149, 153)","(117, 122, 121)",casual_images/3_4.webp
125,"(104, 95, 49)","(41, 42, 47)",casual_images/3_5.webp
126,"(183, 186, 196)","(201, 201, 205)",casual_images/3_6.webp
127,"(128, 135, 164)","(87, 78, 77)",casual_images/3_7.webp
128,"(99, 76, 88)","(57, 71, 89)",casual_images/3_8.webp
129,"(65, 69, 72)","(117, 113, 115)",casual_images/3_9.webp
130,"(160, 153, 160)","(171, 166, 180)",casual_images/3_10.webp
131,"(30, 31, 35)","(163, 164, 169)",casual_images/3_11.webp
132,"(131, 136, 143)","(115, 105, 113)",casual_images/3_12.webp
133,"(135, 138, 145)","(115, 128, 149)",casual_images/3_13.webp
134,"(178, 173, 172)","(101, 116, 138)",casual_images/3_14.webp
135,"(121, 85, 67)","(79, 98, 132)",casual_images/3_15.webp
136,"(211, 212, 220)","(160, 157, 150)",casual_images/3_16.webp
137,"(70, 71, 91)","(194, 192, 218)",casual_images/3_17.webp
138,"(189, 181, 183)","(34, 34, 39)",casual_images/3_18.webp
139,"(68, 67, 67)","(136, 160, 191)",casual_images/3_19.webp
140,"(49, 53, 60)","(138, 137, 141)",casual_images/3_20.webp
141,"(89, 101, 123)","(179, 165, 169)",casual_images/3_21.webp
143,"(187, 187, 203)","(76, 77, 83)",casual_images/3_23.webp
144,"(76, 75, 81)","(167, 170, 177)",casual_images/3_24.webp
145,"(152, 145, 148)","(165, 149, 175)",casual_images/3_25.webp
146,"(80, 85, 92)","(101, 106, 114)",casual_images/3_26.webp
147,"(102, 99, 100)","(61, 63, 68)",casual_images/3_27.webp
148,"(54, 59, 73)","(72, 72, 87)",casual_images/3_28.webp
149,"(197, 34, 43)","(73, 69, 80)",casual_images/3_29.webp
150,"(161, 143, 166)","(102, 125, 155)",casual_images/3_30.webp
151,"(135, 143, 153)","(141, 124, 125)",casual_images/3_31.webp
152,"(196, 191, 195)","(92, 103, 112)",casual_images/3_32.webp
153,"(64, 117, 126)","(52, 51, 60)",casual_images/3_33.webp
154,"(89, 34, 41)","(112, 120, 136)",casual_images/3_34.webp
155,"(43, 50, 64)","(123, 116, 111)",casual_images/3_35.webp
156,"(115, 117, 124)","(136, 132, 136)",casual_images/3_36.webp
157,"(138, 148, 164)","(175, 183, 203)",casual_images/3_37.webp
158,"(58, 71, 90)","(60, 59, 49)",casual_images/3_38.webp
159,"(167, 164, 186)","(92, 102, 129)",casual_images/3_39.webp
160,"(80, 109, 154)","(87, 92, 112)",casual_images/3_40.webp
161,"(157, 132, 126)","(146, 141, 148)",casual_images/3_41.webp
162,"(170, 174, 190)","(52, 52, 65)",casual_images/3_42.webp
163,"(70, 65, 70)","(65, 63, 70)",casual_images/3_43.webp
164,"(48, 70, 97)","(85, 101, 122)",casual_images/3_44.webp
165,"(167, 162, 164)","(52, 59, 61)",casual_images/3_45.webp
166,"(42, 39, 38)","(73, 71, 58)",casual_images/3_46.webp
167,"(194, 170, 150)","(105, 111, 121)",casual_images/3_47.webp
168,"(130, 123, 118)","(37, 37, 38)",casual_images/3_48.webp
169,"(39, 59, 55)","(71, 75, 89)",casual_images/3_49.webp
170,"(39, 39, 35)","(145, 143, 141)",casual_images/3_50.webp
171,"(187, 192, 203)","(166, 167, 171)",casual_images/3_51.webp
172,"(32, 34, 39)","(43, 63, 92)",casual_images/3_52.webp
173,"(49, 56, 67)","(134, 147, 167)",casual_images/3_53.webp
174,"(52, 50, 56)","(67, 59, 60)",casual_images/3_54.webp
175,"(205, 192, 173)","(92, 107, 123)",casual_images/3_55.webp
176,"(35, 59, 86)","(93, 93, 85)",casual_images/3_56.webp
177,"(110, 107, 112)","(114, 118, 124)",casual_images/3_57.webp
178,"(152, 154, 160)","(130, 136, 146)",casual_images/3_58.webp
179,"(112, 78, 70)","(203, 186, 86)",casual_images/3_59.webp
180,"(48, 43, 48)","(103, 113, 127)",casual_images/4_0.webp
181,"(214, 167, 73)","(102, 97, 96)",casual_images/4_1.webp
182,"(114, 128, 153)","(58, 66, 77)",casual_images/4_2.webp
183,"(55, 57, 63)","(131, 123, 116)",casual_images/4_3.webp
184,"(154, 149, 153)","(117, 122, 121)",casual_images/4_4.webp
185,"(104, 95, 49)","(41, 42, 47)",casual_images/4_5.webp
186,"(183, 186, 196)","(201, 201, 205)",casual_images/4_6.webp
187,"(128, 135, 164)","(87, 78, 77)",casual_images/4_7.webp
188,"(99, 76, 88)","(57, 71, 89)",casual_images/4_8.webp
189,"(65, 69, 72)","(117, 113, 115)",casual_images/4_9.webp
190,"(160, 153, 160)","(171, 166, 180)",casual_images/4_10.webp
191,"(30, 31, 35)","(163, 164, 169)",casual_images/4_11.webp
192,"(131, 136, 143)","(115, 105, 113)",casual_images/4_12.webp
193,"(135, 138, 145)","(115, 128, 149)",casual_images/4_13.webp
194,"(178, 173, 172)","(101, 116, 138)",casual_images/4_14.webp
195,"(121, 85, 67)","(79, 98, 132)",casual_images/4_15.webp
196,"(211, 212, 220)","(160, 157, 150)",casual_images/4_16.webp
197,"(70, 71, 91)","(194, 192, 218)",casual_images/4_17.webp
198,"(189, 181, 183)","(34, 34, 39)",casual_images/4_18.webp
199,"(68, 67, 67)","(136, 160, 191)",casual_images/4_19.webp
200,"(49, 53, 60)","(138, 137, 141)",casual_images/4_20.webp
201,"(89, 101, 123)","(179, 165, 169)",casual_images/4_21.webp
203,"(187, 187, 203)","(76, 77, 83)",casual_images/4_23.webp
204,"(76, 75, 81)","(167, 170, 177)",casual_images/4_24.webp
205,"(152, 145, 148)","(165, 149, 175)",casual_images/4_25.webp
206,"(80, 85, 92)","(101, 106, 114)",casual_images/4_26.webp
207,"(102, 99, 100)","(61, 63, 68)",casual_images/4_27.webp
208,"(54, 59, 73)","(72, 72, 87)",casual_images/4_28.webp
209,"(197, 34, 43)","(73, 69, 80)",casual_images/4_29.webp
210,"(161, 143, 166)","(102, 125, 155)",casual_images/4_30.webp
211,"(135, 143, 153)","(141, 124, 125)",casual_images/4_31.webp
212,"(196, 191, 195)","(92, 103, 112)",casual_images/4_32.webp
213,"(64, 117, 126)","(52, 51, 60)",casual_images/4_33.webp
214,"(89, 34, 41)","(112, 120, 136)",casual_images/4_34.webp
215,"(43, 50, 64)","(123, 116, 111)",casual_images/4_35.webp
216,"(115, 117, 124)","(136, 132, 136)",casual_images/4_36.webp
217,"(138, 148, 164)","(175, 183, 203)",casual_images/4_37.webp
218,"(58, 71, 90)","(60, 59, 49)",casual_images/4_38.webp
219,"(167, 164, 186)","(92, 102, 129)",casual_images/4_39.webp
220,"(80, 109, 154)","(87, 92, 112)",casual_images/4_40.webp
221,"(157, 132, 126)","(146, 141, 148)",casual_images/4_41.webp
222,"(170, 174, 190)","(52, 52, 65)",casual_images/4_42.webp
223,"(70, 65, 70)","(65, 63, 70)",casual_images/4_43.webp
224,"(48, 70, 97)","(85, 101, 122)",casual_images/4_44.webp
225,"(167, 162, 164)","(52, 59, 61)",casual_images/4_45.webp
226,"(42, 39, 38)","(73, 71, 58)",casual_images/4_46.webp
227,"(194, 170, 150)","(105, 111, 121)",casual_images/4_47.webp
228,"(130, 123, 118)","(37, 37, 38)",casual_images/4_48.webp
229,"(39, 59, 55)","(71, 75, 89)",casual_images/4_49.webp
230,"(39, 39, 35)","(145, 143, 141)",casual_images/4_50.webp
231,"(187, 192, 203)","(166, 167, 171)",casual_images/4_51.webp
232,"(32, 34, 39)","(43, 63, 92)",casual_images/4_52.webp
233,"(49, 56, 67)","(134, 147, 167)",casual_images/4_53.webp
234,"(52, 50, 56)","(67, 59, 60)",casual_images/4_54.webp
235,"(205, 192, 173)","(92, 107, 123)",casual_images/4_55.webp
236,"(35, 59, 86)","(93, 93, 85)",casual_images/4_56.webp
237,"(110, 107, 112)","(114, 118, 124)",casual_images/4_57.webp
238,"(152, 154, 160)","(130, 136, 146)",casual_images/4_58.webp
239,"(112, 78, 70)","(203, 186, 86)",casual_images/4_59.webp
240,"(48, 43, 48)","(103, 113, 127)",casual_images/5_0.webp
241,"(214, 167, 73)","(102, 97, 96)",casual_images/5_1.webp
242,"(114, 128, 153)","(58, 66, 77)",casual_images/5_2.webp
243,"(55, 57, 63)","(131, 123, 116)",casual_images/5_3.webp
244,"(154, 149, 153)","(117, 122, 121)",casual_images/5_4.webp
245,"(104, 95, 49)","(41, 42, 47)",casual_images/5_5.webp
246,"(183, 186, 196)","(201, 201, 205)",casual_images/5_6.webp
247,"(128, 135, 164)","(87, 78, 77)",casual_images/5_7.webp
248,"(99, 76, 88)","(57, 71, 89)",casual_images/5_8.webp
249,"(65, 69, 72)","(117, 113, 115)",casual_images/5_9.webp
250,"(160, 153, 160)","(171, 166, 180)",casual_images/5_10.webp
251,"(30, 31, 35)","(163, 164, 169)",casual_images/5_11.webp
252,"(131, 136, 143)","(115, 105, 113)",casual_images/5_12.webp
253,"(135, 138, 145)","(115, 128, 149)",casual_images/5_13.webp
254,"(178, 173, 172)","(101, 116, 138)",casual_images/5_14.webp
255,"(121, 85, 67)","(79, 98, 132)",casual_images/5_15.webp
256,"(211, 212, 220)","(160, 157, 150)",casual_images/5_16.webp
257,"(70, 71, 91)","(194, 192, 218)",casual_images/5_17.webp
258,"(189, 181, 183)","(34, 34, 39)",casual_images/5_18.webp
259,"(68, 67, 67)","(136, 160, 191)",casual_images/5_19.webp
260,"(49, 53, 60)","(138, 137, 141)",casual_images/5_20.webp
261,"(89, 101, 123)","(179, 165, 169)",casual_images/5_21.webp
263,"(187, 187, 203)","(76, 77, 83)",casual_images/5_23.webp
264,"(76, 75, 81)","(167, 170, 177)",casual_images/5_24.webp
265,"(152, 145, 148)","(165, 149, 175)",casual_images/5_25.webp
266,"(80, 85, 92)","(101, 106, 114)",casual_images/5_26.webp
267,"(102, 99, 100)","(61, 63, 68)",casual_images/5_27.webp
268,"(54, 59, 73)","(72, 72, 87)",casual_images/5_28.webp
269,"(197, 34, 43)","(73, 69, 80)",casual_images/5_29.webp
270,"(161, 143, 166)","(102, 125, 155)",casual_images/5_30.webp
271,"(135, 143, 153)","(141, 124, 125)",casual_images/5_31.webp
272,"(196, 191, 195)","(92, 103, 112)",casual_images/5_32.webp
273,"(64, 117, 126)","(52, 51, 60)",casual_images/5_33.webp
274,"(89, 34, 41)","(112, 120, 136)",casual_images/5_34.webp
275,"(43, 50, 64)","(123, 116, 111)",casual_images/5_35.webp
276,"(115, 117, 124)","(136, 132, 136)",casual_images/5_36.webp
277,"(138, 148, 164)","(175, 183, 203)",casual_images/5_37.webp
278,"(58, 71, 90)","(60, 59, 49)",casual_images/5_38.webp
279,"(167, 164, 186)","(92, 102, 129)",casual_images/5_39.webp
280,"(80, 109, 154)","(87, 92, 112)",casual_images/5_40.webp
281,"(157, 132, 126)","(146, 141, 148)",casual_images/5_41.webp
282,"(170, 174, 190)","(52, 52, 65)",casual_images/5_42.webp
283,"(70, 65, 70)","(65, 63, 70)",casual_images/5_43.webp
284,"(48, 70, 97)","(85, 101, 122)",casual_images/5_44.webp
285,"(167, 162, 164)","(52, 59, 61)",casual_images/5_45.webp
286,"(42, 39, 38)","(73, 71, 58)",casual_images/5_46.webp
287,"(194, 170, 150)","(105, 111, 121)",casual_images/5_47.webp
288,"(130, 123, 118)","(37, 37, 38)",casual_images/5_48.webp
289,"(39, 59, 55)","(71, 75, 89)",casual_images/5_49.webp
290,"(39, 39, 35)","(145, 143, 141)",casual_images/5_50.webp
291,"(187, 192, 203)","(166, 167, 171)",casual_images/5_51.webp
292,"(32, 34, 39)","(43, 63, 92)",casual_images/5_52.webp
293,"(49, 56, 67)","(134, 147, 167)",casual_images/5_53.webp
294,"(52, 50, 56)","(67, 59, 60)",casual_images/5_54.webp
295,"(205, 192, 173)","(92, 107, 123)",casual_images/5_55.webp
296,"(35, 59, 86)","(93, 93, 85)",casual_images/5_56.webp
297,"(110, 107, 112)","(114, 118, 124)",casual_images/5_57.webp
298,"(152, 154, 160)","(130, 136, 146)",casual_images/5_58.webp
299,"(112, 78, 70)","(203, 186, 86)",casual_images/5_59.webp
300,"(48, 43, 48)","(103, 113, 127)",casual_images/6_0.webp
301,"(214, 167, 73)","(102, 97, 96)",casual_images/6_1.webp
302,"(114, 128, 153)","(58, 66, 77)",casual_images/6_2.webp
303,"(55, 57, 63)","(131, 123, 116)",casual_images/6_3.webp
304,"(154, 149, 153)","(117, 122, 121)",casual_images/6_4.webp
305,"(104, 95, 49)","(41, 42, 47)",casual_images/6_5.webp
306,"(183, 186, 196)","(201, 201, 205)",casual_images/6_6.webp
307,"(128, 135, 164)","(87, 78, 77)",casual_images/6_7.webp
308,"(99, 76, 88)","(57, 71, 89)",casual_images/6_8.webp
309,"(65, 69, 72)","(117, 113, 115)",casual_images/6_9.webp
310,"(160, 153, 160)","(171, 166, 180)",casual_images/6_10.webp
311,"(30, 31, 35)","(163, 164, 169)",casual_images/6_11.webp
312,"(131, 136, 143)","(115, 105, 113)",casual_images/6_12.webp
313,"(135, 138, 145)","(115, 128, 149)",casual_images/6_13.webp
314,"(178, 173, 172)","(101, 116, 138)",casual_images/6_14.webp
315,"(121, 85, 67)","(79, 98, 132)",casual_images/6_15.webp
316,"(211, 212, 220)","(160, 157, 150)",casual_images/6_16.webp
317,"(70, 71, 91)","(194, 192, 218)",casual_images/6_17.webp
318,"(189, 181, 183)","(34, 34, 39)",casual_images/6_18.webp
319,"(68, 67, 67)","(136, 160, 191)",casual_images/6_19.webp
320,"(49, 53, 60)","(138, 137, 141)",casual_images/6_20.webp
321,"(89, 101, 123)","(179, 165, 169)",casual_images/6_21.webp
323,"(187, 187, 203)","(76, 77, 83)",casual_images/6_23.webp
324,"(76, 75, 81)","(167, 170, 177)",casual_images/6_24.webp
325,"(152, 145, 148)","(165, 149, 175)",casual_images/6_25.webp
326,"(80, 85, 92)","(101, 106, 114)",casual_images/6_26.webp
327,"(102, 99, 100)","(61, 63, 68)",casual_images/6_27.webp
328,"(54, 59, 73)","(72, 72, 87)",casual_images/6_28.webp
329,"(197, 34, 43)","(73, 69, 80)",casual_images/6_29.webp
330,"(161, 143, 166)","(102, 125, 155)",casual_images/6_30.webp
331,"(135, 143, 153)","(141, 124, 125)",casual_images/6_31.webp
332,"(196, 191, 195)","(92, 103, 112)",casual_images/6_32.webp
333,"(64, 117, 126)","(52, 51, 60)",casual_images/6_33.webp
334,"(89, 34, 41)","(112, 120, 136)",casual_images/6_34.webp
335,"(43, 50, 64)","(123, 116, 111)",casual_images/6_35.webp
336,"(115, 117, 124)","(136, 132, 136)",casual_images/6_36.webp
337,"(138, 148, 164)","(175, 183, 203)",casual_images/6_37.webp
338,"(58, 71, 90)","(60, 59, 49)",casual_images/6_38.webp
339,"(167, 164, 186)","(92, 102, 129)",casual_images/6_39.webp
340,"(80, 109, 154)","(87, 92, 112)",casual_images/6_40.webp
341,"(157, 132, 126)","(146, 141, 148)",casual_images/6_41.webp
342,"(170, 174, 190)","(52, 52, 65)",casual_images/6_42.webp
343,"(70, 65, 70)","(65, 63, 70)",casual_images/6_43.webp
344,"(48, 70, 97)","(85, 101, 122)",casual_images/6_44.webp
345,"(167, 162, 164)","(52, 59, 61)",casual_images/6_45.webp
346,"(42, 39, 38)","(73, 71, 58)",casual_images/6_46.webp
347,"(194, 170, 150)","(105, 111, 121)",casual_images/6_47.webp
348,"(130, 123, 118)","(37, 37, 38)",casual_images/6_48.webp
349,"(39, 59, 55)","(71, 75, 89)",casual_images/6_49.webp
350,"(39, 39, 35)","(145, 143, 141)",casual_images/6_50.webp
351,"(187, 192, 203)","(166, 167, 171)",casual_images/6_51.webp
352,"(32, 34, 39)","(43, 63, 92)",casual_images/6_52.webp
353,"(49, 56, 67)","(134, 147, 167)",casual_images/6_53.webp
354,"(52, 50, 56)","(67, 59, 60)",casual_images/6_54.webp
355,"(205, 192, 173)","(92, 107, 123)",casual_images/6_55.webp
356,"(35, 59, 86)","(93, 93, 85)",casual_images/6_56.webp
357,"(110, 107, 112)","(114, 118, 124)",casual_images/6_57.webp
358,"(152, 154, 160)","(130, 136, 146)",casual_images/6_58.webp
359,"(112, 78, 70)","(203, 186, 86)",casual_images/6_59.webp
360,"(48, 43, 48)","(103, 113, 127)",casual_images/7_0.webp
361,"(214, 167, 73)","(102, 97, 96)",casual_images/7_1.webp
362,"(114, 128, 153)","(58, 66, 77)",casual_images/7_2.webp
363,"(55, 57, 63)","(131, 123, 116)",casual_images/7_3.webp
364,"(154, 149, 153)","(117, 122, 121)",casual_images/7_4.webp
365,"(104, 95, 49)","(41, 42, 47)",casual_images/7_5.webp
366,"(183, 186, 196)","(201, 201, 205)",casual_images/7_6.webp
367,"(128, 135, 164)","(87, 78, 77)",casual_images/7_7.webp
368,"(99, 76, 88)","(57, 71, 89)",casual_images/7_8.webp
369,"(65, 69, 72)","(117, 113, 115)",casual_images/7_9.webp
370,"(160, 153, 160)","(171, 166, 180)",casual_images/7_10.webp
371,"(30, 31, 35)","(163, 164, 169)",casual_images/7_11.webp
372,"(131, 136, 143)","(115, 105, 113)",casual_images/7_12.webp
373,"(135, 138, 145)","(115, 128, 149)",casual_images/7_13.webp
374,"(178, 173, 172)","(101, 116, 138)",casual_images/7_14.webp
375,"(121, 85, 67)","(79, 98, 132)",casual_images/7_15.webp
376,"(211, 212, 220)","(160, 157, 150)",casual_images/7_16.webp
377,"(70, 71, 91)","(194, 192, 218)",casual_images/7_17.webp
378,"(189, 181, 183)","(34, 34, 39)",casual_images/7_18.webp
379,"(68, 67, 67)","(136, 160, 191)",casual_images/7_19.webp
380,"(49, 53, 60)","(138, 137, 141)",casual_images/7_20.webp
381,"(89, 101, 123)","(179, 165, 169)",casual_images/7_21.webp
383,"(187, 187, 203)","(76, 77, 83)",casual_images/7_23.webp
384,"(76, 75, 81)","(167, 170, 177)",casual_images/7_24.webp
385,"(152, 145, 148)","(165, 149, 175)",casual_images/7_25.webp
386,"(80, 85, 92)","(101, 106, 114)",casual_images/7_26.webp
387,"(102, 99, 100)","(61, 63, 68)",casual_images/7_27.webp
388,"(54, 59, 73)","(72, 72, 87)",casual_images/7_28.webp
389,"(197, 34, 43)","(73, 69, 80)",casual_images/7_29.webp
390,"(161, 143, 166)","(102, 125, 155)",casual_images/7_30.webp
391,"(135, 143, 153)","(141, 124, 125)",casual_images/7_31.webp
392,"(196, 191, 195)","(92, 103, 112)",casual_images/7_32.webp
393,"(64, 117, 126)","(52, 51, 60)",casual_images/7_33.webp
394,"(89, 34, 41)","(112, 120, 136)",casual_images/7_34.webp
395,"(43, 50, 64)","(123, 116, 111)",casual_images/7_35.webp
396,"(115, 117, 124)","(136, 132, 136)",casual_images/7_36.webp
397,"(138, 148, 164)","(175, 183, 203)",casual_images/7_37.webp
398,"(58, 71, 90)","(60, 59, 49)",casual_images/7_38.webp
399,"(167, 164, 186)","(92, 102, 129)",casual_images/7_39.webp
400,"(80, 109, 154)","(87, 92, 112)",casual_images/7_40.webp
401,"(157, 132, 126)","(146, 141, 148)",casual_images/7_41.webp
402,"(170, 174, 190)","(52, 52, 65)",casual_images/7_42.webp
403,"(70, 65, 70)","(65, 63, 70)",casual_images/7_43.webp
404,"(48, 70, 97)","(85, 101, 122)",casual_images/7_44.webp
405,"(167, 162, 164)","(52, 59, 61)",casual_images/7_45.webp
406,"(42, 39, 38)","(73, 71, 58)",casual_images/7_46.webp
407,"(194, 170, 150)","(105, 111, 121)",casual_images/7_47.webp
408,"(130, 123, 118)","(37, 37, 38)",casual_images/7_48.webp
409,"(39, 59, 55)","(71, 75, 89)",casual_images/7_49.webp
410,"(39, 39, 35)","(145, 143, 141)",casual_images/7_50.webp
411,"(187, 192, 203)","(166, 167, 171)",casual_images/7_51.webp
412,"(32, 34, 39)","(43, 63, 92)",casual_images/7_52.webp
413,"(49, 56, 67)","(134, 147, 167)",casual_images/7_53.webp
414,"(52, 50, 56)","(67, 59, 60)",casual_images/7_54.webp
415,"(205, 192, 173)","(92, 107, 123)",casual_images/7_55.webp
416,"(35, 59, 86)","(93, 93, 85)",casual_images/7_56.webp
417,"(110, 107, 112)","(114, 118, 124)",casual_images/7_57.webp
418,"(152, 154, 160)","(130, 136, 146)",casual_images/7_58.webp
419,"(112, 78, 70)","(203, 186, 86)",casual_images/7_59.webp
420,"(48, 43, 48)","(103, 113, 127)",casual_images/8_0.webp
421,"(214, 167, 73)","(102, 97, 96)",casual_images/8_1.webp
422,"(114, 128, 153)","(58, 66, 77)",casual_images/8_2.webp
423,"(55, 57, 63)","(131, 123, 116)",casual_images/8_3.webp
424,"(154, 149, 153)","(117, 122, 121)",casual_images/8_4.webp
425,"(104, 95, 49)","(41, 42, 47)",casual_images/8_5.webp
426,"(183, 186, 196)","(201, 201, 205)",casual_images/8_6.webp
427,"(128, 135, 164)","(87, 78, 77)",casual_images/8_7.webp
428,"(99, 76, 88)","(57, 71, 89)",casual_images/8_8.webp
429,"(65, 69, 72)","(117, 113, 115)",casual_images/8_9.webp
430,"(160, 153, 160)","(171, 166, 180)",casual_images/8_10.webp
431,"(30, 31, 35)","(163, 164, 169)",casual_images/8_11.webp
432,"(131, 136, 143)","(115, 105, 113)",casual_images/8_12.webp
433,"(135, 138, 145)","(115, 128, 149)",casual_images/8_13.webp
434,"(178, 173, 172)","(101, 116, 138)",casual_images/8_14.webp
435,"(121, 85, 67)","(79, 98, 132)",casual_images/8_15.webp
436,"(211, 212, 220)","(160, 157, 150)",casual_images/8_16.webp
437,"(70, 71, 91)","(194, 192, 218)",casual_images/8_17.webp
438,"(189, 181, 183)","(34, 34, 39)",casual_images/8_18.webp
439,"(68, 67, 67)","(136, 160, 191)",casual_images/8_19.webp
440,"(49, 53, 60)","(138, 137, 141)",casual_images/8_20.webp
441,"(89, 101, 123)","(179, 165, 169)",casual_images/8_21.webp
443,"(187, 187, 203)","(76, 77, 83)",casual_images/8_23.webp
444,"(76, 75, 81)","(167, 170, 177)",casual_images/8_24.webp
445,"(152, 145, 148)","(165, 149, 175)",casual_images/8_25.webp
446,"(80, 85, 92)","(101, 106, 114)",casual_images/8_26.webp
447,"(102, 99, 100)","(61, 63, 68)",casual_images/8_27.webp
448,"(54, 59, 73)","(72, 72, 87)",casual_images/8_28.webp
449,"(197, 34, 43)","(73, 69, 80)",casual_images/8_29.webp
450,"(161, 143, 166)","(102, 125, 155)",casual_images/8_30.webp
451,"(135, 143, 153)","(141, 124, 125)",casual_images/8_31.webp
452,"(196, 191, 195)","(92, 103, 112)",casual_images/8_32.webp
453,"(64, 117, 126)","(52, 51, 60)",casual_images/8_33.webp
454,"(89, 34, 41)","(112, 120, 136)",casual_images/8_34.webp
455,"(43, 50, 64)","(123, 116, 111)",casual_images/8_35.webp
456,"(115, 117, 124)","(136, 132, 136)",casual_images/8_36.webp
457,"(138, 148, 164)","(175, 183, 203)",casual_images/8_37.webp
458,"(58, 71, 90)","(60, 59, 49)",casual_images/8_38.webp
459,"(167, 164, 186)","(92, 102, 129)",casual_images/8_39.webp
460,"(80, 109, 154)","(87, 92, 112)",casual_images/8_40.webp
461,"(157, 132, 126)","(146, 141, 148)",casual_images/8_41.webp
462,"(170, 174, 190)","(52, 52, 65)",casual_images/8_42.webp
463,"(70, 65, 70)","(65, 63, 70)",casual_images/8_43.webp
464,"(48, 70, 97)","(85, 101, 122)",casual_images/8_44.webp
465,"(167, 162, 164)","(52, 59, 61)",casual_images/8_45.webp
466,"(42, 39, 38)","(73, 71, 58)",casual_images/8_46.webp
467,"(194, 170, 150)","(105, 111, 121)",casual_images/8_47.webp
468,"(130, 123, 118)","(37, 37, 38)",casual_images/8_48.webp
469,"(39, 59, 55)","(71, 75, 89)",casual_images/8_49.webp
470,"(39, 39, 35)","(145, 143, 141)",casual_images/8_50.webp
471,"(187, 192, 203)","(166, 167, 171)",casual_images/8_51.webp
472,"(32, 34, 39)","(43, 63, 92)",casual_images/8_52.webp
473,"(49, 56, 67)","(134, 147, 167)",casual_images/8_53.webp
474,"(52, 50, 56)","(67, 59, 60)",casual_images/8_54.webp
475,"(205, 192, 173)","(92, 107, 123)",casual_images/8_55.webp
476,"(35, 59, 86)","(93, 93, 85)",casual_images/8_56.webp
477,"(110, 107, 112)","(114, 118, 124)",casual_images/8_57.webp
478,"(152, 154, 160)","(130, 136, 146)",casual_images/8_58.webp
479,"(112, 78, 70)","(203, 186, 86)",casual_images/8_59.webp
480,"(48, 43, 48)","(103, 113, 127)",casual_images/9_0.webp
481,"(214, 167, 73)","(102, 97, 96)",casual_images/9_1.webp
482,"(114, 128, 153)","(58, 66, 77)",casual_images/9_2.webp
483,"(55, 57, 63)","(131, 123, 116)",casual_images/9_3.webp
484,"(154, 149, 153)","(117, 122, 121)",casual_images/9_4.webp
485,"(104, 95, 49)","(41, 42, 47)",casual_images/9_5.webp
486,"(183, 186, 196)","(201, 201, 205)",casual_images/9_6.webp
487,"(128, 135, 164)","(87, 78, 77)",casual_images/9_7.webp
488,"(99, 76, 88)","(57, 71, 89)",casual_images/9_8.webp
489,"(65, 69, 72)","(117, 113, 115)",casual_images/9_9.webp
490,"(160, 153, 160)","(171, 166, 180)",casual_images/9_10.webp
491,"(30, 31, 35)","(163, 164, 169)",casual_images/9_11.webp
492,"(131, 136, 143)","(115, 105, 113)",casual_images/9_12.webp
493,"(135, 138, 145)","(115, 128, 149)",casual_images/9_13.webp
494,"(178, 173, 172)","(101, 116, 138)",casual_images/9_14.webp
495,"(121, 85, 67)","(79, 98, 132)",casual_images/9_15.webp
496,"(211, 212, 220)","(160, 157, 150)",casual_images/9_16.webp
497,"(70, 71, 91)","(194, 192, 218)",casual_images/9_17.webp
498,"(189, 181, 183)","(34, 34, 39)",casual_images/9_18.webp
499,"(68, 67, 67)","(136, 160, 191)",casual_images/9_19.webp
500,"(49, 53, 60)","(138, 137, 141)",casual_images/9_20.webp
501,"(89, 101, 123)","(179, 165, 169)",casual_images/9_21.webp
503,"(187, 187, 203)","(76, 77, 83)",casual_images/9_23.webp
504,"(76, 75, 81)","(167, 170, 177)",casual_images/9_24.webp
505,"(152, 145, 148)","(165, 149, 175)",casual_images/9_25.webp
506,"(80, 85, 92)","(101, 106, 114)",casual_images/9_26.webp
507,"(102, 99, 100)","(61, 63, 68)",casual_images/9_27.webp
508,"(54, 59, 73)","(72, 72, 87)",casual_images/9_28.webp
509,"(197, 34, 43)","(73, 69, 80)",casual_images/9_29.webp
510,"(161, 143, 166)","(102, 125, 155)",casual_images/9_30.webp
511,"(135, 143, 153)","(141, 124, 125)",casual_images/9_31.webp
512,"(196, 191, 195)","(92, 103, 112)",casual_images/9_32.webp
513,"(64, 117, 126)","(52, 51, 60)",casual_images/9_33.webp
514,"(89, 34, 41)","(112, 120, 136)",casual_images/9_34.webp
515,"(43, 50, 64)","(123, 116, 111)",casual_images/9_35.webp
516,"(115, 117, 124)","(136, 132, 136)",casual_images/9_36.webp
517,"(138, 148, 164)","(175, 183, 203)",casual_images/9_37.webp
518,"(58, 71, 90)","(60, 59, 49)",casual_images/9_38.webp
519,"(167, 164, 186)","(92, 102, 129)",casual_images/9_39.webp
520,"(80, 109, 154)","(87, 92, 112)",casual_images/9_40.webp
521,"(157, 132, 126)","(146, 141, 148)",casual_images/9_41.webp
522,"(170, 174, 190)","(52, 52, 65)",casual_images/9_42.webp
523,"(70, 65, 70)","(65, 63, 70)",casual_images/9_43.webp
524,"(48, 70, 97)","(85, 101, 122)",casual_images/9_44.webp
525,"(167, 162, 164)","(52, 59, 61)",casual_images/9_45.webp
526,"(42, 39, 38)","(73, 71, 58)",casual_images/9_46.webp
527,"(194, 170, 150)","(105, 111, 121)",casual_images/9_47.webp
528,"(130, 123, 118)","(37, 37, 38)",casual_images/9_48.webp
529,"(39, 59, 55)","(71, 75, 89)",casual_images/9_49.webp
530,"(39, 39, 35)","(145, 143, 141)",casual_images/9_50.webp
531,"(187, 192, 203)","(166, 167, 171)",casual_images/9_51.webp
532,"(32, 34, 39)","(43, 63, 92)",casual_images/9_52.webp
533,"(49, 56, 67)","(134, 147, 167)",casual_images/9_53.webp
534,"(52, 50, 56)","(67, 59, 60)",casual_images/9_54.webp
535,"(205, 192, 173)","(92, 107, 123)",casual_images/9_55.webp
536,"(35, 59, 86)","(93, 93, 85)",casual_images/9_56.webp
537,"(110, 107, 112)","(114, 118, 124)",casual_images/9_57.webp
538,"(152, 154, 160)","(130, 136, 146)",casual_images/9_58.webp
539,"(112, 78, 70)","(203, 186, 86)",casual_images/9_59.webp
540,"(48, 43, 48)","(103, 113, 127)",casual_images/10_0.webp
541,"(214, 167, 73)","(102, 97, 96)",casual_images/10_1.webp
542,"(114, 128, 153)","(58, 66, 77)",casual_images/10_2.webp
543,"(55, 57, 63)","(131, 123, 116)",casual_images/10_3.webp
544,"(154, 149, 153)","(117, 122, 121)",casual_images/10_4.webp
545,"(104, 95, 49)","(41, 42, 47)",casual_images/10_5.webp
546,"(183, 186, 196)","(201, 201, 205)",casual_images/10_6.webp
547,"(128, 135, 164)","(87, 78, 77)",casual_images/10_7.webp
548,"(99, 76, 88)","(57, 71, 89)",casual_images/10_8.webp
549,"(65, 69, 72)","(117, 113, 115)",casual_images/10_9.webp
550,"(160, 153, 160)","(171, 166, 180)",casual_images/10_10.webp
551,"(30, 31, 35)","(163, 164, 169)",casual_images/10_11.webp
552,"(131, 136, 143)","(115, 105, 113)",casual_images/10_12.webp
553,"(135, 138, 145)","(115, 128, 149)",casual_images/10_13.webp
554,"(178, 173, 172)","(101, 116, 138)",casual_images/10_14.webp
555,"(121, 85, 67)","(79, 98, 132)",casual_images/10_15.webp
556,"(211, 212, 220)","(160, 157, 150)",casual_images/10_16.webp
557,"(70, 71, 91)","(194, 192, 218)",casual_images/10_17.webp
558,"(189, 181, 183)","(34, 34, 39)",casual_images/10_18.webp
559,"(68, 67, 67)","(136, 160, 191)",casual_images/10_19.webp
560,"(49, 53, 60)","(138, 137, 141)",casual_images/10_20.webp
561,"(89, 101, 123)","(179, 165, 169)",casual_images/10_21.webp
563,"(187, 187, 203)","(76, 77, 83)",casual_images/10_23.webp
564,"(76, 75, 81)","(167, 170, 177)",casual_images/10_24.webp
565,"(152, 145, 148)","(165, 149, 175)",casual_images/10_25.webp
566,"(80, 85, 92)","(101, 106, 114)",casual_images/10_26.webp
567,"(102, 99, 100)","(61, 63, 68)",casual_images/10_27.webp
568,"(54, 59, 73)","(72, 72, 87)",casual_images/10_28.webp
569,"(197, 34, 43)","(73, 69, 80)",casual_images/10_29.webp
570,"(161, 143, 166)","(102, 125, 155)",casual_images/10_30.webp
571,"(135, 143, 153)","(141, 124, 125)",casual_images/10_31.webp
572,"(196, 191, 195)","(92, 103, 112)",casual_images/10_32.webp
573,"(64, 117, 126)","(52, 51, 60)",casual_images/10_33.webp
574,"(89, 34, 41)","(112, 120, 136)",casual_images/10_34.webp
575,"(43, 50, 64)","(123, 116, 111)",casual_images/10_35.webp
576,"(115, 117, 124)","(136, 132, 136)",casual_images/10_36.webp
577,"(138, 148, 164)","(175, 183, 203)",casual_images/10_37.webp
578,"(58, 71, 90)","(60, 59, 49)",casual_images/10_38.webp
579,"(167, 164, 186)","(92, 102, 129)",casual_images/10_39.webp
580,"(80, 109, 154)","(87, 92, 112)",casual_images/10_40.webp
581,"(157, 132, 126)","(146, 141, 148)",casual_images/10_41.webp
582,"(170, 174, 190)","(52, 52, 65)",casual_images/10_42.webp
583,"(70, 65, 70)","(65, 63, 70)",casual_images/10_43.webp
584,"(48, 70, 97)","(85, 101, 122)",casual_images/10_44.webp
585,"(167, 162, 164)","(52, 59, 61)",casual_images/10_45.webp
586,"(42, 39, 38)","(73, 71, 58)",casual_images/10_46.webp
587,"(194, 170, 150)","(105, 111, 121)",casual_images/10_47.webp
588,"(130, 123, 118)","(37, 37, 38)",casual_images/10_48.webp
589,"(39, 59, 55)","(71, 75, 89)",casual_images/10_49.webp
590,"(39, 39, 35)","(145, 143, 141)",casual_images/10_50.webp
591,"(187, 192, 203)","(166, 167, 171)",casual_images/10_51.webp
592,"(32, 34, 39)","(43, 63, 92)",casual_images/10_52.webp
593,"(49, 56, 67)","(134, 147, 167)",casual_images/10_53.webp
594,"(52, 50, 56)","(67, 59, 60)",casual_images/10_54.webp
595,"(205, 192, 173)","(92, 107, 123)",casual_images/10_55.webp
596,"(35, 59, 86)","(93, 93, 85)",casual_images/10_56.webp
597,"(110, 107, 112)","(114, 118, 124)",casual_images/10_57.webp
598,"(152, 154, 160)","(130, 136, 146)",casual_images/10_58.webp
599,"(112, 78, 70)","(203, 186, 86)",casual_images/10_59.webp
